"username","repo"
"ArnaudDroitLab","consensusSeekeR"
"Arubaruba","moodlelogstore"
"Bioconductor-mirror","AnnotationHubData"
"Bioconductor-mirror","BiocGenerics"
"Bioconductor-mirror","CRISPRseek"
"Bioconductor-mirror","DOQTL"
"Bioconductor-mirror","DiffBind"
"Bioconductor-mirror","GWASTools"
"Bioconductor-mirror","GenomicRanges"
"Bioconductor-mirror","GenomicTuples"
"Bioconductor-mirror","RTN"
"Bioconductor-mirror","RnBeads"
"Bioconductor-mirror","S4Vectors"
"Bioconductor-mirror","SeqVarTools"
"Bioconductor-mirror","SummarizedExperiment"
"Bioconductor-mirror","TFBSTools"
"Bioconductor-mirror","VariantFiltering"
"Bioconductor-mirror","derfinder"
"Bioconductor-mirror","derfinderHelper"
"Bioconductor-mirror","derfinderPlot"
"Bioconductor-mirror","flowCore"
"Bioconductor-mirror","rCGH"
"CMPG","signet"
"CSBLatvia","surveyplanning"
"CarlBoneri","rRunway"
"CenterForAssessment","SGP"
"Crunch-io","rcrunch"
"DanielBonnery","Dedup"
"DavisBrian","seqMeta"
"FakenMC","micompr"
"Faskally","fflgis"
"GarretsonGroup-RA","GRGDataFunctions"
"Hackout2","mapData"
"JBrenn","SoilMoisturePattern"
"JVAdams","LW1949"
"Jfortin1","RAVEL_data"
"LiamDBailey","climwin"
"MadsAlbertsen","ampvis"
"MarkEdmondson1234","bigQueryR"
"Naoto-Imamachi","BridgeR"
"NumbersInternational","flipTextAnalysis"
"OHDSI","EmpiricalCalibration"
"OHDSI","OhdsiRTools"
"OHDSI","PatientLevelPrediction"
"PMassicotte","eemR"
"Patriota","tsinteger"
"PeteHaitch","GenomicTuples"
"PredictiveEcology","lazyR"
"Przemol","rbeads"
"QuantGen","BEDMatrix"
"QuantGen","LinkedMatrix"
"RGLab","RNASeqPipelineR"
"RNED","blocks_design"
"RamsinghLab","TxDbLite"
"RamsinghLab","ozymandias"
"RevolutionAnalytics","azureml"
"RomanTsegelskyi","yummlyr"
"SAcmu","LLSM"
"SEEG-Oxford","movement"
"SICSresearch","IRTpp"
"SWS-Methodology","faoswsFeed"
"SeaAroundUs","rseaaroundus"
"StoreyLab","biobroom"
"TGuillerme","mulTree"
"TReynkens","ReIns"
"TheoMichelot","moveHMM"
"USGS-R","smwrData"
"WetRobot","popEpi"
"WinVector","WVPlots"
"WinVector","vtreat"
"ZZhiming","helloR"
"advdatamgmt","adm"
"alexWhitworth","imputeMulti"
"almartin82","mapvizieR"
"andland","libFMexe"
"apxu-devil","OptionsStaff"
"araiho","linkages_package"
"arvi1000","rGridMap"
"asardaes","dtwclust"
"asgr","whatsup"
"ataudt","aneufinder"
"ateshkoul","KinematicAnalysis"
"aurielfournier","rel"
"avantcredit","analytics-honeylogging"
"aydindemircioglu","ConfSVM"
"bbuchsbaum","neuropls"
"benjcunningham","ben"
"bjornerstedt","assist"
"bowerth","nsoApi"
"bstewart","stm"
"cacha0227","ncappc"
"camposfa","plhdbR"
"caom","peakOmics"
"cardcorp","fbRads"
"cashoes","sear"
"catavallejos","BASiCS"
"changebo","copreg"
"chapmandu2","CancerCellLines"
"charlotte-ngs","Zuechtungslehre"
"chartgerink","osfr"
"chengvt","EEM"
"chgrl","mapillRy"
"chipoglesby","RGA"
"ck37","htestimate"
"cole-brokamp","CB"
"coleoguy","evobir"
"config-i1","CES"
"crazybilly","muadc"
"csiu","candyplay"
"ctbrownlees","R-Package-nets"
"cysouw","qlcData"
"daewoooo","SingleCellToolkit"
"danielhorn","multicrit_result_test"
"danilinares","quickpsy"
"dankelley","oce"
"dankelley","ocedata"
"davharris","mistnet"
"davidmeza1","doctopics"
"dereksonderegger","dsData"
"dide-tools","context"
"dill","Distance2"
"dmenne","dmisc2"
"dmgatti","DOQTL"
"dpasqualin","sfreemapc"
"droglenc","FSA"
"durtal","rBloodstock"
"ecology-rocks","SortieIO"
"edzer","spacetime"
"eldarrak","FLightR"
"eliotmiller","addTaxa"
"elsayed-lab","Leishmania.major.Friedlin"
"elsayed-lab","Trypanosoma.cruzi.CLBrener.Esmeraldo"
"elsayed-lab","TxDb.LmajorFriedlin.tritryp25.genes"
"elsayed-lab","TxDb.TcruziCLBrenerEsmer.tritryp25.genes"
"elsayed-lab","org.LmjF.tritryp.db"
"elsayed-lab","org.TcCLB.esmer.tritryp.db"
"emsweene","oasis"
"environmentalinformatics-marburg","Rsenal"
"eta21","DiffusionRgqd"
"eta21","DiffusionRjgqd"
"fawda123","CTDplot"
"fdschneider","caspr"
"filipstachura","mailgunner"
"floatofmath","resamplingMCP"
"frajaroco","cdcLISA"
"friendly","matlib"
"funnell","reactomefi"
"gcastella","statTools"
"geekman1","eva_package"
"gergness","srvyr"
"gertjanssenswillen","edeaR"
"griffithlab","GenVisR"
"hadjipantelis","tPACE"
"hadley","dplyr"
"hadley","stringr"
"hafen","packagedocs"
"hanase","BMA"
"helske","seqHMM"
"hferg","hfgr"
"hxin","ograph"
"hypercompetent","gray"
"iagomosqueira","FLFishery"
"introstat","ePort"
"jakobbossek","smoof"
"jasenfinch","OrbiFIEproc"
"jason-p-pickering","datim-validation"
"javimarlop","spdynmod"
"jbkunst","rchess"
"jbryer","TriMatch"
"jbryer","likert"
"jbryer","multilevelPSA"
"jebyrnes","meowR"
"jeremymcrae","mupit"
"jeremymcrae","recessiveStats"
"jfisher-usgs","ObsNetwork"
"jgx65","hierfstat"
"jmcastagnetto","nistrb"
"jmsuk0587","rFSA"
"jokergoo","HilbertCurve"
"jonasbhend","biascorrection"
"joyent","mantaRSDK"
"jrhammond","phoenixNet"
"jservadio","TrialistNof1"
"jsgosnell","ratlantis"
"jslefche","piecewiseSEM"
"jwb133","bayesmiss"
"jwdink","eyetrackingR"
"jwijffels","BelgiumMaps.Admin"
"kaneplusplus","bigalgebra"
"kaneplusplus","snb"
"kauralasoo","seqUtils"
"keboola","shiny-lib"
"keepsimpler","perturbEcol"
"kenkellner","heeparse"
"khabbazian","l1ou"
"kirillseva","blink"
"krlmlr","SwissCommunes"
"krlmlr","rextdata"
"ktoddbrown","rtedem"
"lbraglia","RStata"
"lcolladotor","derfinder"
"leekgroup","derfinderHelper"
"leekgroup","derfinderPlot"
"leeper","lumen"
"leffj","mctoolsr"
"lgatto","pRolocdata"
"lgsilvaesilva","spGoogle"
"liamrevell","phytools"
"lian0090","SKAT2"
"linxihui","NNLM"
"livioivil","neuR"
"ltierney","Rpkg-proftools"
"mattdelhey","mdutils"
"matthewjdenny","SpeedReader"
"matthias-da","robCompositions"
"matthiasheinig","eQTLpipeline"
"mdjbru-R-packages","aprofW"
"mdozmorov","MDmisc"
"mdsumner","gris"
"melcrow","testproj"
"metno","esd"
"michbur","dpcR"
"michellelawing","ppgm"
"mikemeredith","wiqid"
"mkanai","ggman"
"mllg","batchtools"
"mndrake","ffbR"
"mronkko","matrixpls"
"mugiro","elm"
"muschellij2","extrantsr"
"ndphillips","yarrr"
"nickbond","hydroplots"
"nickreich","ALERT"
"noamross","noamtools"
"paleo13","rapr"
"paleofire","paleofire"
"paul-buerkner","brms"
"paulburch","pbtools"
"philippechataignon","dplyrnz"
"pnnl","prepPackage"
"protViz","p1755"
"protViz","pepfdr"
"protViz","quantable"
"psolymos","opticut"
"qutang","mhealthformat-support-r"
"qutke","ruibe"
"rOpenGov","bibliographica"
"ramhiser","activelearning"
"rappster","testhelper"
"raredd","rawr"
"rcapell","RHYPE"
"rcheshire","FishGraph"
"reichlab","pdtmvn"
"reyzaguirre","pepa"
"rhydar","Metocean"
"rich-iannone","DiagrammeR"
"rizbicki","FlexCoDE"
"robjhyndman","forecast"
"romanzenka","RUnit"
"romunov","zvau"
"ronkeizer","PKmisc"
"ropensci","textreuse"
"rstudio","bookdown"
"rstudio","packrat"
"rstudio","shiny"
"rstudio","shinygadgets"
"samuel-rosa","pedometrics"
"sebastien-villemot","econboard"
"sethmcg","climod"
"sherrillmix","ampCountR"
"shuyang1987","multilevelMatching"
"sjPlot","devel"
"skoplev","bdmerge"
"skranz","RTutor"
"soodoku","abbyyR"
"soodoku","captr"
"spedygiorgio","lifecontingencies"
"srdyal","diffusiontest"
"stan-dev","rstanarm"
"stan-dev","shinystan"
"statgenlmu","coala"
"statnet","statnetWeb"
"statwonk","reliability"
"stefanbirr","QPBoot"
"stephlocke","Rtraining"
"steventsimpson","simsam"
"stnava","ANTsR"
"sushilashenoy","zoom.plot"
"swager","randomForestCI"
"swarm-lab","swaRm"
"systematicinvestor","SIT.date"
"tbates","umx"
"tectronics","google-motion-charts-with-r"
"teramonagi","gigamonagi"
"tgmwri","wateres"
"thegeologician","ggprovenance"
"thej022214","hisse"
"thibautjombart","OutbreakTools"
"thozh912","732A37"
"timpeters82","DMRcate-devel"
"tmelliott","bsm"
"tnagler","kdecopula"
"tobyjohnson","gtx"
"tokami","TropFishR"
"tonedivad","GRMeta"
"traitecoevo","stateliner"
"traitecoevo","taxonlookup"
"tridentasf","assessment"
"tubuliferous","methplot"
"ugcd","gait"
"ugcd","solarius"
"ujaen-statistics","GWRM"
"uzh","ezRun"
"vegandevs","vegan"
"vegandevs","vegan3d"
"vincentarelbundock","countrycode"
"vnijs","radiant"
"vojtechhuser","rcdisc"
"vserch","himc"
"wahani","module"
"weiyi-bitw","cafr"
"welch16","ChIPUtils"
"wikimedia","wikimedia-discovery-polloi"
"wlandau","fbseqDebug"
"wrathematics","stat201"
"wtcooper","vizrd"
"xprimexinverse","statbanker"
"xu-hong","rphenoscape"
"yihui","knitr"
"yrosseel","lavaan"
"yupimaki","classifytext"
"zbeaver4","beavR"
"zhangh12","ARTP3"
"zliu392","Package627"
"Bioconductor","BiocContributions"
"CMPG","signet"
"CSBLatvia","surveyplanning"
"DGendoo","MM2S"
"DanielBonnery","Dedup"
"Dotterbart","rejSamp"
"FMunyoz","Stima"
"HenrikBengtsson","RGitHubAPI"
"IFIproteomics","LFQbench"
"IRkernel","repr"
"Jfortin1","RAVEL"
"JovingeLabSoftware","BioradConfig"
"MicheleNuijten","statcheck"
"NCRN","NCRNbirds"
"QuackenbushLab","pandaR"
"R-Finance","quantstrat"
"RetoSchmucki","regionalGAM"
"SantanderMetGroup","loadeR"
"Smudgerville","govnR"
"UNFAOstatistics","faodoc"
"USGS-R","restrend"
"abelsonlive","scraply"
"adamdsmith","geobird"
"ajdm","morgenstemning"
"alexwhan","genomap"
"almartin82","mapvizieR"
"andrewzm","atminv"
"araiho","linkages_package"
"arturosaco","helpRs"
"befdata","rbefdata"
"berndbischl","ParamHelpers"
"bowerth","nsoApi"
"cayek","associationr"
"chaodengusc","preseqR"
"chapmandu2","CancerCellLines"
"chartgerink","osfr"
"chiefmurph","mondate"
"cole-trapnell-lab","monocle-release"
"cpsievert","LDAvis"
"cpsievert","rdom"
"d-qn","swiRcharts"
"dakl","clinseqr"
"data-cleaning","validate"
"davetgerrard","mlPhaser"
"davideceolin","rcsvw"
"davidgohel","R2DOCX"
"dide-tools","context"
"dkahle","poisDoubleSamp"
"dvanclev","GTrendsR"
"edwindj","tabplotd3"
"egonw","genalg"
"emeryyi","glmvsd"
"emeryyi","msda"
"evgeniikonev","mlmetric"
"fjeze","thesis"
"fredcommo","nplr"
"gghatano","retrosheet"
"gitlongor","pi0"
"gitlongor","uniqueAtomMat"
"giuseppec","RBPcurve"
"google","glassbox"
"hadley","bookdown"
"hadley","roxygen3"
"hadley","shinySignals"
"hadley","sinartra"
"haozhu233","ezsummary"
"hfrick","trackeR"
"hilaryparker","explainr"
"hypercompetent","gray"
"introstat","ePort"
"jakubnowicki","RetroGeoMorph"
"jakubnowicki","morphoutils"
"jcheng5","superzip"
"jeroenooms","bcrypt"
"jfpalomeque","pandora"
"jmackie4","cycleRtools"
"jrvarma","jrvFinance"
"jzwolski","tennisR"
"kakes-candy","mySetwd"
"kaneplusplus","bigalgebra"
"keboola","r-custom-application-example-package"
"klutometis","roxygen"
"krlmlr","wrswoR.sample"
"leobarone","bRasilLegis"
"liamrevell","phytools"
"livioivil","neuR"
"maRce10","warbleR"
"markrobinsonuzh","CrispRVariants"
"martinjhnhadley","rstattoys"
"mcomas","usrgi.lib"
"mlammens","spThin"
"mpiktas","midasr"
"mugiro","elm"
"muschellij2","rscopus"
"myoung3","regionalkriging"
"ntarabelloni","rfda"
"omegahat","RGoogleTrends"
"paterijk","MCDA"
"philippechataignon","dplyrnz"
"rappster","crudr"
"rappster","devops"
"rappster","rapp"
"rappster","testhelper"
"rdiaz02","varSelRF"
"restonslacker","taber"
"richierocks","rebus"
"ririzarr","rafalib"
"rizbicki","FlexCoDE"
"rksyouyou","PedCNV"
"ropensci","opencontext"
"rstudio","htmltools"
"rstudio","httpuv"
"rstudio","shinygadgets"
"sherrillmix","glmnetPlotR"
"sipemu","case-based-reasoning"
"skoplev","bdmerge"
"smbache","remarkr"
"spatstat","spatstat"
"sprouffske","growthcurver"
"ssustat","regbook"
"stan-dev","rstanarm"
"steventsimpson","lassie"
"tcarpenter216","iatgen"
"thibautjombart","hellorivm"
"thirdwing","RcppDL"
"thirdwing","RcppMLPACK"
"thozh912","ML-Lab-2"
"thozh912","ML-lab-1"
"toledobastos","IterateNetworkMetrics"
"tonedivad","GRMeta"
"trinker","pax"
"trinker","sentimentr"
"tzoltak","EWDskalowanie"
"vdorie","treatSens"
"vincentarelbundock","WDI"
"vkostakos","hcitools"
"wilkelab","cowplot"
"xu-hong","rphenoscape"
"yibochen","Renren"
"yibochen","weiBor"
"yufree","rgabriel"
"paultpearson","TDAmapper"
"stnava","ANTsR"
"antiphon","sphere"
"rstudio","d3heatmap"
"hadley","purrr"
"pivotalsoftware","PivotalR"
"statgenlmu","coala"
"vmonaco","frailtySurv"
"artemklevtsov","RGA"
"renkun-ken","reflite"
"andrewheiss","limer"
"Simon-Coetzee","motifBreakR"
"cbielow","PTXQC"
"fcocquemas","rdatastream"
"transmart","RInterface"
"edwardpmorris","FASTSpectra"
"rOpenGov","sweSCB"
"MansMeg","markmyassignment"
"kkdey","CountClust"
"Sharpie","RTikZDevice"
"yihui","tikzDevice"
"hadley","plyr"
"dosorio","Peptides"
"mbask","treecm"
"swarm-lab","swaRm"
"opensdmx","rsdmx"
"eusebe","ascii"
"smartinsightsfromdata","rpivotTable"
"kkdey","tmcmcR"
"swarm-lab","editR"
"aydindemircioglu","lasvmR"
"statgenlmu","jaatha"
"leeper","Rmonkey"
"leeper","rio"
"renkun-ken","rlist"
"karthik","wesanderson"
"vqv","ggbiplot"
"USGS-R","EGRETci"
"skgrange","threadr"
"hrbrmstr","netintel"
"kevinushey","Kmisc"
"3inar","einr"
"tzerk","RLumShiny"
"ramhiser","datamicroarray"
"skgrange","gissr"
"mccreigh","rwrfhydro"
"swarm-lab","videoplayR"
"rstats-db","DBI"
"wrathematics","dequer"
"ethz-asl","libnabo"
"metacran","mason"
"ramnathv","rblocks"
"yihui","animation"
"ropensci","solr"
"ropensci","solrium"
"yihui","knitr"
"trinker","plotflow"
"mongodb","mongo-c-driver"
"ironholds","humaniformat"
"ggobi","tourr"
"PacificBiosciences","R-pbh5"
"mdjbru-R-packages","aprofW"
"nteetor","dull"
"brendan-R","boxr"
"RamsinghLab","TxDbLite"
"mdecorde","RSvgDevice"
"johnmyleswhite","log4r"
"zatonovo","futile.logger"
"yihui","rmini"
"jon-mellon","mellonMisc"
"daattali","rsalad"
"romainfrancois","nothing"
"hrbrmstr","ggalt"
"sazpark","fermicatsR.git"
"kstierhoff","surveyR"
"Ironholds","webreadr"
"petermeissner","diffr"
"bgrich","starkr"
"trinker","pacman"
"oscarperpinan","meteoForecast"
"ropensci","testdat"
"hrbrmstr","slackr"
"MadsAlbertsen","ampvis"
"welch16","ChIPUtils"
"valcu","rangeMapper"
"hadley","rappdirs"
"ropensci","rorcid"
"strongh","mongor"
"lme4","lme4pureR"
"drodriguezperez","growthmodels"
"jMotif","jmotif-R"
"chainsawriot","ngramrr"
"BioStatMatt","sas7bdat"
"alexgenin","rollply"
"mmparker","tbdiag"
"rcheshire","FishGraph"
"yihui","servr"
"IndicoDataSolutions","IndicoIo-R"
"Ram-N","weatherData"
"ALShum","rwunderground"
"edonnachie","queuer"
"yihui","testit"
"bomeara","sleq"
"gmbecker","switchrGist"
"Bart6114","sparklines"
"andrewcparnell","simmr"
"hadley","rsmith"
"IQSS","Zelig"
"hadley","lazyeval"
"mkoohafkan","kfigr"
"renkun-ken","rtype"
"garrettgman","Visual-Inference-Tools"
"YulongNiu","PhyloProfileSuppl"
"mewo2","medley"
"ropensci","taxize"
"cboettig","template"
"johnmyleswhite","ProjectTemplate"
"lwaldron","MistakenIdentities"
"stewid","EpiContactTrace"
"hofnerb","papeR"
"swirldev","swirlify"
"christinaheinze","CompareCausalNetworks"
"lgatto","pRoloc"
"stephlocke","optiRum"
"rpremraj","mailR"
"hadley","evaluate"
"jeffreyhorner","Rook"
"eldafani","intsvy"
"Data-Camp","testwhat"
"peterhurford","batchman"
"QuantGen","BEDMatrix"
"robertzk","Ramd"
"braithwaite","MGRASTer"
"dmpe","wufoor"
"DataKnowledge","rAmCharts"
"sjackman","uniqtag"
"jpvert","apg"
"SeaAroundUs","rseaaroundus"
"rOpenGov","recalls"
"soodoku","tuber"
"paleolimbot","rcanvec"
"jimhester","gmailr"
"ropensci","rnbn"
"biologicalrecordscentre","rYoutheria"
"leeper","dvn"
"ropensci","dvn"
"kylehamilton","RStars"
"ramhiser","activelearning"
"renkun-ken","rprintf"
"abarbour","psd"
"dgrtwo","ggfreehand"
"daattali","ggExtra"
"wch","shiny-gridster"
"bgreenwell","ramify"
"romainfrancois","operators"
"ucd-ipo","aip-analysis"
"kwstat","agridat"
"mskcc","facets"
"ropengov","sorvi"
"mbojan","alluvial"
"hrbrmstr","statebins"
"MarcoDVisser","aprof"
"yihui","rlp"
"smbache","import"
"markvanderloo","settings"
"QBRC","RODProt"
"yihui","recharts"
"charliebone","shopifyr"
"ecology-rocks","SortieIO"
"unDocUMeantIt","koRpus"
"bstewart","stm"
"gokcemay","trib"
"edzer","hexbin"
"Rapporter","pander"
"ropensci","fulltext"
"tarakc02","rcrunchbase"
"enanomapper","renm"
"abmantz","lrgs"
"jeroenooms","curl"
"paulhendricks","titanic"
"hadley","nycflights13"
"jjchern","scorecard"
"wjrl","RBioFabric"
"jonclayden","soma"
"hms-dbmi","UpSetR"
"rstats-db","rmysql"
"chgrl","mapillRy"
"ropensci","rdat"
"jonclayden","RNiftyReg"
"jonclayden","ore"
"ropensci","treebase"
"kazi11","actmon"
"brandseye","brandseyer"
"dmontaner","TiddlyWikiR"
"uzh","ezRun"
"anqif","cvxr"
"linxihui","lazyML"
"chgrl","bReeze"
"hadley","babynames"
"rladeira","sequentialSearch"
"rladeira","sequentialSearch"
"jbryer","irutils"
"beanumber","openWAR"
"aboruvka","coxinterval"
"Bioconductor","GoogleGenomics"
"imminfo","tcr"
"ManifestoProject","manifestoR"
"ikwak2","aSPU"
"statwonk","reliability"
"crubba","htmltab"
"hilaryparker","cats"
"google","CausalImpact"
"kevinstadler","cultevo"
"phillc73","abettor"
"wch","harbor"
"bryanhanson","HiveR"
"BiologicalRecordsCentre","BRCindicators"
"LiamDBailey","climwin"
"nfultz","tron"
"WetRobot","popEpi"
"hadley","meifly"
"dchudz","predcomps"
"djvanderlaan","LaF"
"schw4b","emov"
"erikriverson","mutable"
"grunwaldlab","poppr"
"caijun","geoChina"
"imminfo","tcr"
"iamamutt","mejr"
"genome","sciclone"
"thk686","odeintr"
"airoldilab","sgd"
"mclements","rstpm2"
"gmbecker","switchr"
"mguevara","diverse"
"WastlM","polyCub"
"mkoohafkan","rivr"
"markvanderloo","rspa"
"OHDSI","CohortMethod"
"OHDSI","PatientLevelPrediction"
"Swarchal","phenoScreen"
"btjones16","ocean"
"jhollist","quickmapr"
"thk686","rpg"
"data-cleaning","deducorrect"
"shearer","samplesize"
"mjkallen","rlogging"
"lukembrowne","dispersim"
"nfultz","stackoverflow"
"PredictiveEcology","lazyR"
"camposfa","paceR"
"Ironholds","WikidataR"
"mjockers","syuzhet"
"shearer","simboot"
"homerhanumat","tigerstats"
"jwills","lineage"
"rich-iannone","TrendAnalysis"
"edzer","vardiag"
"hadley","clusterfly"
"ipa-tys","ROCR"
"SimonYansenZhao","wskm"
"tinyheero","titanCNAutils"
"rcapell","RHYPE"
"dmkaplan2000","ConnMatTools.git"
"camposfa","plhdbR"
"jverzani","gWidgets2tcltk"
"billdenney","pknca"
"bcgov","bcmaps"
"shinra-dev","memuse"
"ltorgo","performanceEstimation"
"johnmyleswhite","TextRegression"
"quommit","settle"
"aydindemircioglu","RcppShark"
"andrewpbray","oilabs"
"bwlewis","iqfeed"
"sorenmacbeth","googleanalytics4r"
"jmcastagnetto","nistrb"
"BD2K-DDI","ddiR"
"eliotmiller","addTaxa"
"trinker","reports"
"sebastian-c","overflow"
"gvegayon","googlePublicData"
"tgmwri","wateres"
"nachocab","df2json"
"nachocab","clickme"
"chgrl","leafletR"
"beanumber","macleish"
"rOpenGov","psData"
"yutannihilation","highstockR"
"matthewjdenny","GERGM"
"cpfaff","rtematres"
"hadley","reshape"
"mslegrand","svgR"
"ropensci","datapackage"
"jbryer","makeR"
"sjackman","homebrewr"
"dragua","xlsx"
"hadley","testthat"
"yixuan","rationalfun"
"sidjai","biosplit"
"poissonconsulting","jaggernaut"
"jinhyunju","icreport"
"stewid","rmatio"
"stewid","gix"
"gavinsimpson","coenocliner"
"woobe","deepr"
"cbarbu","R-package-zoom"
"melff","munfold"
"oswaldosantos","EpiDynamics"
"PDXChris","pmtools"
"noamross","quickscraper"
"leeper","margins"
"ktoddbrown","rtedem"
"metagraf","rHighcharts"
"metagraf","rVega"
"ropensci","AntWeb"
"statwonk","openNHTSA"
"metno","esd"
"USGS-R","EGRET"
"andrie","sss"
"klmr","modules"
"hadley","helpr"
"hadley","profr"
"hadley","decumar"
"usagi5886","PraatR"
"JVAdams","LW1949"
"zhangh12","ARTP3"
"superdesolator","NORTARA"
"kciomek","rorutadis"
"gvegayon","ABCoptim"
"fmichonneau","riceware"
"hadley","ggplot2"
"rich-iannone","PuffR"
"rich-iannone","SplitR"
"hadley","bigrquery"
"hfang-bristol","dcGOR"
"hfang-bristol","dnet"
"gavinsimpson","analogue"
"jkeirstead","scholar"
"quicklizard99","cheddar"
"singmann","afex"
"kkholst","mets"
"cran","EcoGenetics"
"thiloklein","matchingMarkets"
"azvoleff","teamlucc"
"jfisher-usgs","RSurvey"
"potterzot","livingwage"
"michbur","dpcR"
"dwoll","DVHmetrics"
"hrbrmstr","mhn"
"cardcorp","fbRads"
"evgeniikonev","xandrews"
"lcolladotor","derfinder"
"robjhyndman","anomalous-acm"
"robjhyndman","anomalous"
"twitter","AnomalyDetection"
"paulhendricks","anonymizer"
"tonyfischetti","assertr"
"soodoku","recognize"
"weiyi-bitw","cafr"
"conjugateprior","austin-scratch"
"OHDSI","Achilles"
"quantumelixir","radx"
"cjeiler","somatic"
"jiho","autoplot"
"tectronics","force-distribution-analysis.r-libs"
"tectronics","r4ss"
"ggrothendieck","sqldf"
"GShotwell","easyMake"
"axibase","atsd-api-r"
"mikeasilva","blsAPI"
"tmelliott","bsm"
"decisionpatterns","backpipe"
"kerguler","Barnard"
"edwindj","ffbase"
"ropensci","RCryptsy"
"wrathematics","Romp"
"felixfan","powerAnalysis"
"heliosdrm","pwr"
"DataCanvasIO","RDataCanvas"
"tudo-r","BatchExperiments"
"tudo-r","BatchJobs"
"zhenkewu","baker"
"jdanielnd","slfm"
"vdorie","blme"
"kthohr","BMR"
"cttedwards","bdm"
"yasserglez","cec2005benchmark"
"eddelbuettel","rbenchmark"
"Epiconcept-Paris","GADMTools"
"ezwelty","linbin"
"flr","FLBEIA"
"Bioconductor","BiocParallel"
"alyssafrazee","ballgown"
"alyssafrazee","polyester"
"vijaybarve","bdvis"
"wch","bisectr"
"RNED","blocks_design"
"briandk","granovaGG"
"patr1ckm","mvtboost"
"hofnerb","mboost"
"hofnerb","gamboostLSS"
"rOpenGov","estc"
"google","brotli"
"dgrtwo","rgallery"
"DASpringate","samatha"
"jedazard","PRIMsrc"
"rabravo","ws2pgdb"
"robertzk","lockbox"
"wilsonfreitas","R-bizdays"
"vnijs","radiant"
"WizardMac","ReadStat"
"dvera","converge"
"marcschwartz","WriteXLS"
"stevenpollack","blowtorch"
"nickbond","hydrostats"
"pjshort","denovoTF"
"roliveros-ramos","calibrar"
"Groupe-ElementR","cartography"
"rbas2015","CausalFX"
"fdschneider","caspr"
"yutannihilation","chartist"
"yihui","crandalf"
"ropensci","webchem"
"qinwf","jiebaRD"
"qinwf","jiebaR"
"lijian13","Rwordseg"
"edwindj","chunked"
"garthtarr","edgebundleR"
"mages","ChainLadder"
"dgerlanc","portfolio"
"ramhiser","sortinghat"
"oncoclass","hemaClass"
"jayjacobs","dga"
"eblondel","cleangeo"
"DeveauP","QuantumClone"
"frajaroco","cdcLISA"
"thomasp85","densityClust"
"gavinsimpson","cocorresp"
"traitecoevo","stateliner"
"christinaheinze","backShift"
"OuhscBbmc","Wats"
"richfitz","RcppR6"
"snoweye","cubfits"
"wactbprot","R4CouchDB"
"briandconnelly","ggplot2bdc"
"SwedishPensionsAgency","Coldbir"
"QuantGen","LinkedMatrix"
"docopt","docopt.R"
"decisionpatterns","optigrab"
"jgm","cmark"
"adrientaudiere","cati"
"laurenmh","codyn"
"ledell","cvAUC"
"SWS-Methodology","faoswsIndustrial"
"halpo","dostats"
"wch","fontcm"
"philchalmers","mirtCAT"
"pesquisaR","pesquisaR"
"jwijffels","RMOA"
"GarretsonGroup-RA","GRGDataFunctions"
"wrathematics","remoter"
"jknowles","merTools"
"gdemin","excel.link"
"rOpenHealth","openfda"
"stefano-meschiari","latex2exp"
"yixuan","R2SWF"
"yihui","Rd2roxygen"
"ironholds","batman"
"usbr","convertdss"
"ropensci","geojsonio"
"jfisher-usgs","Grid2Polygons"
"dgrtwo","broom"
"changebo","copreg"
"kwstat","corrgram"
"sherrillmix","ampCountR"
"baptiste","cda"
"jakobbossek","cmaesr"
"yanyachen","FinCovRegularization"
"starmerj","pcaBootPlot"
"skranz","EconJournalData"
"krlmlr","MakefileR"
"jomuller","vartors"
"ropensci","plotly"
"maddin79","darch"
"gaborcsardi","disposables"
"rich-iannone","DiagrammeR"
"mdsumner","graticule"
"eddelbuettel","pkgkitten"
"jbryer","timeline"
"skranz","RTutor"
"davidkane9","creditr"
"azureblue","cec"
"zachmayer","cv.ts"
"ironholds","lucr"
"ecpolley","SuperLearner"
"armish","coffeewheel"
"christophergandrud","networkD3"
"garthtarr","pairsD3"
"thanhleviet","DALY"
"prestodb","RPresto"
"ropensci","rdpla"
"petebaker","dryworkflow"
"trestletech","ShinyDash"
"jaak-s","rDEA"
"christophergandrud","dpmr"
"ropensci","historydata"
"lgatto","pRolocdata"
"trulia","rUnemploymentData"
"arilamstein","choroplethrZip"
"backlin","dataview"
"richierocks","learningr"
"genomicsclass","dagdata"
"hadley","nasaweather"
"zatonovo","lambda.tools"
"Jfortin1","RAVEL_data"
"igraph","igraphdata"
"bquast","wiod"
"robjhyndman","expsmooth"
"rstudio","EDAWR"
"metacran","crandb"
"cysouw","qlcData"
"azvoleff","wrspathrowData"
"jeremymcrae","mupit"
"skranz","restorepoint"
"potterzot","cbcct"
"gaborcsardi","argufy"
"rmcelreath","glmer2stan"
"sinhrks","ggfortify"
"DistanceDevelopment","dsm"
"rstudio","shinyapps"
"rstudio","rsconnect"
"paulhendricks","describer"
"jalvesaq","descr"
"PhilipPallmann","BayesMAMS"
"stanlazic","desiR"
"spedygiorgio","mbbefd"
"tesseradata","trelliscope"
"paulhendricks","detector"
"ArnaudDroitLab","consensusSeekeR"
"ropensci","textreuse"
"philchalmers","faoutlier"
"tmalsburg","saccades"
"wolski","prozor"
"pwkraft","ArfimaMLM"
"mpiccirilli","Rlinkedin"
"PeteHaitch","GenomicTuples"
"kasperdanielhansen","minfi"
"mike-lawrence","ez"
"patrickroocks","rpref"
"lgsilvaesilva","spGoogle"
"ecor","geotopbricks"
"joey711","biom"
"bjornerstedt","assist"
"arademaker","dicionariosIBGE"
"edwindj","daff"
"dwinter","mmod"
"sckott","analogsea"
"IlyaKipnis","DSTrading"
"andland","logisticPCA"
"vdorie","dbarts"
"zhilongjia","DNMF"
"thibautjombart","outbreaker2"
"xrobin","pROC"
"jeffwong","pdist"
"TaddyLab","distrom"
"tpetzoldt","FAdist"
"tesseradata","datadr"
"kevinushey","later"
"ropensci","nodbi"
"fsolt","dotwhisker"
"maxconway","gsheet"
"metacran","cranlogs"
"walkerke","tigris"
"ropensci","prism"
"eddelbuettel","drat"
"karthik","rdrop2"
"druid-io","RDruid"
"fsolt","DCPO"
"rstudio","rmarkdown"
"dgrapov","devium"
"vegandevs","vegan3d"
"dkaschek","dMod"
"stephens999","dscr"
"hadley","fueleconomy"
"cpsievert","XML2R"
"gaborcsardi","tamper"
"ropensci","clifro"
"imanuelcostigan","dataonderivatives"
"hadley","tidyr"
"spedygiorgio","markovchain"
"smbache","loggr"
"LluisRamon","relenium"
"rstudio","shiny"
"hadley","memoise"
"hoxo-m","pforeach"
"jknowles","eeptools"
"lgatto","sequences"
"leeper","slopegraph"
"baptiste","planar"
"garrettgman","ggsubplot"
"jeroenooms","v8"
"richfitz","remoji"
"dgrtwo","ebbinom"
"jalapic","engsoccerdata"
"andrewzm","EFDR"
"RevoEnhancements","RevoEnhancements"
"smbache","ensurer"
"tienpt","x.ent"
"ousuga","reldist"
"JVAdams","EchoNet2Fish"
"igollini","tailloss"
"thej022214","OUwie"
"kbroman","negenes"
"yasserglez","copulaedas"
"expersso","ameco"
"jennybc","gapminder"
"boutroslab","caRpools"
"tubuliferous","methplot"
"alforj","muir"
"thibautjombart","treescape"
"krisrs1128","expPCA"
"jangorecki","logR"
"joshuaulrich","xts"
"mplatzer","BTYDplus"
"gavinsimpson","analogueExtra"
"jaak-s","extraTrees"
"hrbrmstr","docxtractr"
"mvkorpel","pickURL"
"kateto","PolitwoopsR"
"droglenc","FSA"
"droglenc","FSAdata"
"muschellij2","fslr"
"vincent-dk","sglOptim"
"thomasp85","FindMyFriends"
"jeroenooms","mongolite"
"mllg","checkmate"
"mfasiolo","mvnfast"
"kevinushey","RcppRoll"
"talgalili","dendextendRcpp"
"kerschke","flacco"
"mrbcuda","stressr"
"mllg","fail"
"spedygiorgio","lifecontingencies"
"rOpenGov","gisfin"
"gaborcsardi","playground"
"paul-buerkner","brms"
"thej022214","corHMM"
"wilsonfreitas","R-fixedincome"
"jmpsteen","medflex"
"rCarto","flows"
"ltrr-arizona-edu","burnr"
"noahhl","r-google-analytics"
"yihui","formatR"
"renkun-ken","formattable"
"jcizel","FredR"
"richfitz","sowsear"
"gaborcsardi","ask"
"kevinushey","rex"
"pmaier1971","AutomatedForecastingWithShiny"
"jinhyunju","eQTLtools"
"CenterForAssessment","randomNames"
"HajkD","biomartr"
"zatonovo","lambda.r"
"jnguyen92","jn.general"
"mrdwab","SOfun"
"TReynkens","ReIns"
"ngloe","olpsR"
"ramhiser","itertools2"
"RSGInc","RSGHB"
"jeffdumont","RSGHB"
"ofurkusi","limestats"
"tjmahr","rprime"
"antiphon","ellipsoid"
"talgalili","installr"
"markmfredrickson","optmatch"
"rdpeng","mvtsplot"
"config-i1","CES"
"CenterForAssessment","SGP"
"jonasbhend","biascorrection"
"rodazuero","gmapsdistance"
"ngort01","fuzzyMM"
"dvera","genmat"
"environmentalinformatics-marburg","mapview"
"gmum","gmum.r"
"wencke","wencke.github.io"
"TaddyLab","gamlr"
"jrhammond","phoenixNet"
"pbenner","gp.regression"
"gertvv","gemtc"
"jasdumas","shinyGEO"
"fai04d","R-APSIM"
"rdpeng","gpclib"
"gluc","data.tree"
"AEBilgrau","correlateR"
"FluvialLandscapeLab","gangsta"
"ujaen-statistics","GWRM"
"pmur002","animaker"
"cboettig","knitcitations"
"paulhendricks","generator"
"jokergoo","GlobalOptions"
"hrbrmstr","ggcounty"
"trinker","wakefield"
"ramnathv","slidify"
"hadley","staticdocs"
"steventsimpson","brokenCSV"
"road2stat","protr"
"tobyjohnson","gtx"
"sheffien","LOLA"
"EmSherratt","geomorph"
"rich-iannone","stationaRy"
"ropensci","rmetadata"
"sckott","rphylopic"
"wikimedia","wikimedia-discovery-polloi"
"ecor","RMAWGEN"
"bquast","gvc"
"MarkEdmondson1234","googleAuthR"
"jdeboer","grealtime"
"jcheng5","googleCharts"
"Ironholds","driver"
"jdeboer","gprediction"
"jennybc","googlesheets"
"ehrlinger","ggRandomForests"
"hadley","scales"
"xfim","ggmcmc"
"s-u","hdfsc"
"rstudio","R-Websockets"
"ramnathv","htmlwidgets"
"metacran","spareserver"
"harrelfe","Hmisc"
"Data-Camp","datacampSCT"
"wilkox","treemapify"
"LearningToTalk","L2TDatabase"
"jennybc","cellranger"
"leekgroup","derfinderHelper"
"sithjaisong","SYT-SKEP.Rpackage"
"jeanimal","heuristica"
"hsbadr","HiClimR"
"QTCAT","hit"
"vincent-dk","msgl"
"matthewjdenny","SpeedReader"
"RcppCore","RcppParallel"
"vserch","himc"
"ropensci","USAboundaries"
"leodido","hrr"
"ck37","htestimate"
"dustin","humanFormat"
"nutterb","HydeNet"
"Yuanchao-Xu","hyfo"
"jackwasey","icd9"
"IRkernel","IRdisplay"
"mcanouil","IMA2"
"IlyaKipnis","IKTrading"
"wush978","FeatureHashing"
"jwbargsten","bmrf"
"ALShum","hashids-r"
"sjmgarnier","viridis"
"ropensci","RMendeley"
"bhoung","trueskill-in-r"
"clintpgeorge","ldamcmc"
"ropensci","RNeXML"
"mcanouil","snpEnrichment"
"pennekampster","MSSI"
"ajdamico","SAScii"
"rmscriven","retrosheet"
"leeper","webuse"
"paul4forest","GFPMoutput"
"sgibb","MALDIquantForeign"
"yangjl","imputeR"
"theandyb","R-KNIFE"
"rasmusab","bayesian_first_aid"
"pachterlab","sleuth"
"RevolutionAnalytics","checkpoint"
"berndbischl","tspmeta"
"Data-Camp","Rdocumentation"
"trestletech","shinyAce"
"cran","jvmr"
"ropensci","gistr"
"jdeboer","ganalytics"
"tsieger","idendr0"
"markrobinsonuzh","iCOBRA"
"rstudio","ggvis"
"ggobi","cranvas"
"fkeck","rleafmap"
"benfasoli","ivis"
"rCarto","osrm"
"mages","googleVis"
"duncantl","RElasticSearch"
"RevolutionAnalytics","azureml"
"andrie","AzureStorage"
"asl","svd"
"ropensci","rotl"
"rOpenGov","rsunlight"
"ropengov","rsunlight"
"duncantl","Rtesseract"
"ropensci","bold"
"mannau","h5"
"mannau","boilerpipeR"
"mihi-tr","r-openspending"
"jsta","ipdw"
"vr-vr","itsadug"
"w108bmg","investr"
"jsta","irlgraph"
"SICSresearch","IRTpp"
"gaborcsardi","ISA"
"awalker89","Rjira"
"joyent","mantaRSDK"
"tnagler","kdecopula"
"krlmlr","kimisc"
"haven-jeon","Sejong"
"johow","kh.data"
"AngusWright","LAMBDAR"
"nikita-moor","ldatuning"
"duncantl","RLLVMCompile"
"dmlc","xgboost"
"swirldev","swirl"
"bmihaljevic","bnclassify"
"hadley","lvplot"
"rdinnager","greenpipeR"
"CellProfiler","cytominr"
"thomascjohnson","rgoogledrive"
"kkholst","lava"
"vincent-dk","lsgl"
"nghiavtr","speaq"
"halpo","lint"
"gaborcsardi","dotenv"
"jakesherman","packages"
"jburkhardt","RAdwords"
"yixuan","sysfonts"
"joshuaschwab","ltmle"
"dpressel","lucifR"
"kwstat","lucid"
"adamdsmith","MABM"
"scumdogsteev","mlsjunkgen"
"yanyachen","MLmetrics"
"decisionpatterns","searchable"
"sherrillmix","GMTHexMapR"
"hrbrmstr","waffle"
"hadley","lubridate"
"richfitz","remake"
"hilaryparker","catsplainr"
"crowding","vadr"
"HughParsonage","grattan"
"joyofdata","RTwitterAPI"
"dgrtwo","snippr"
"metacran","description"
"hilaryparker","mansplainr"
"yihui","mime"
"trulia","choroplethrMaps"
"sebastianbarfort","mapDK"
"gaborcsardi","maxygen"
"rstudio","markdown"
"jtilly","matchingR"
"timriffe","TR1"
"statnet","EpiModel"
"jonclayden","mmand"
"friendly","matlib"
"jedazard","MVR"
"leeper","meme"
"nolanlab","Rclusterpp"
"DavisBrian","seqMeta"
"donkang75","MetaPCA"
"donkang75","MetaQC"
"MG-RAST","matR"
"mbertalan","iPsychCNV"
"jimhester","withr"
"rudeboybert","SpatialEpi"
"jelsema","RRSM"
"leffj","mctoolsr"
"daroczig","migration.indices"
"gaborcsardi","gh"
"sba1","mgsa-bioc"
"baptiste","gridextra"
"mbergins","BerginskiRMisc"
"johnbaums","things"
"rparrish","RPamisc"
"noamross","noamtools"
"dgromer","psymisc"
"markwh","markstats"
"christophergandrud","repmis"
"eusebe","remix"
"lme4","lme4"
"bomeara","selac"
"garthtarr","mplot"
"stefanbirr","QPBoot"
"snowplow","snowplow-tco-model"
"FakenMC","micompr"
"antoinestevens","MODISExtra"
"suiji","Arborist"
"DomBennett","MoreTreeTools"
"vbonhomme","Momocs"
"kwstat","mountainplot"
"SWS-Methodology","faoswsFeed"
"renkun-ken","pipeR"
"jojo-","mipfp"
"philchalmers","mirt"
"yasserglez","vines"
"helske","seqHMM"
"ggobi","plumbr"
"brry","berryFunctions"
"michbur","biogram"
"abresler","nbastatR"
"renozao","NMF"
"statisfactions","playitbyr"
"nicolewhite","RNeo4j"
"barrpet","gclust"
"briatte","ggnet"
"jefferis","nat"
"alishinski","partpaircompare"
"harryganz","rvc"
"dill","Distance2"
"philchalmers","plotSEMM"
"parklab","nozzle"
"michbur","MBmca"
"cszang","treeclim"
"sckott","oai"
"noahhl","oauth"
"geoffjentry","ROAuth"
"philchalmers","OLScurve"
"dominikl","rOMERO"
"USEPA","LakeTrophicModelling"
"USEPA","lakemorpho"
"dirkschumacher","RBerlinData"
"jeroenooms","opencpu"
"arappold","docopulae"
"ShengLi","edmr"
"jfisher-usgs","ObsNetwork"
"hrbrmstr","RBerkeley"
"halpo","obsplines"
"gvegayon","twitterreport"
"dobriban","pweight"
"shabbychef","PDQutils"
"poissonconsulting","rpdo"
"sumprain","dbfrontendR"
"taiyun","corrplot"
"jaredlander","resumer"
"reyzaguirre","pepa"
"filipstachura","mailgunner"
"gtatters","Thermimage"
"teramonagi","gigamonagi"
"wch","extrafontdb"
"jbryer","likert"
"sjewo","readstata13"
"rstudio","packrat"
"Eflores89","inegiR"
"cheuerde","cpgen"
"statsmaths","genlasso"
"SachaEpskamp","semPlot"
"samuel-rosa","pedometrics"
"daattali","shinyjs"
"HajkD","myTAI"
"tarakc02","rbst"
"manuelreif","PP"
"hilaryparker","hilary"
"Karel-Kroeze","Utilities"
"joelkuiper","personograph"
"hmorlon","PANDA"
"cboettig","pmc"
"KlausVigo","phangorn"
"gjuggler","ggphylo"
"AndersenLab","cegwas"
"bwrc","colibri"
"paleolimbot","rosm"
"sherrillmix","vipor"
"milafrerichs","plotmapbox"
"leekgroup","derfinderPlot"
"ujaen-statistics","RcmdrPlugin.GWRM"
"hadley","dplyr"
"timcdlucas","palettetown"
"e9t","polidata-r"
"dlinzer","poLCA"
"heliosdrm","phia"
"pitakakariki","simr"
"mmellis","rSPACE"
"gaborcsardi","praise"
"pnnl","prepPackage"
"ropensci","gender"
"michbur","signalHsmm"
"michbur","signalhsmm"
"ayalaallon","prepdat"
"helixcn","herblabel"
"gaborcsardi","prettyunits"
"duncantl","RGoogleDocs"
"DexGroves","ppR"
"gaborcsardi","pkgconfig"
"rOpenGov","RPublica"
"mrbcuda","pbo"
"paulhendricks","profilr"
"ropensci","neotoma"
"ropensci","rfigshare"
"karthik","rDrop"
"ropensci","aRxiv"
"ropensci","ecoengine"
"ropensci","reol"
"ropensci","rImpactStory"
"gaborcsardi","progress"
"ProjectMOSAIC","mosaic"
"lwjohnst86","prodigenr"
"shearer","PropCIs"
"jbryer","TriMatch"
"mdbrown","survRpackages"
"hrbrmstr","berate"
"Chicago","RSocrata"
"eclarke","ggbeeswarm"
"hadley","pryr"
"holstius","opentsdbr"
"nicolewhite","pystr"
"dmgatti","DOQTL"
"cameronbracken","pgfSweave"
"tobiaskley","quantspec"
"sgibb","MALDIquant"
"joshuaulrich","quantmod"
"kylebittinger","qiimer"
"QTCAT","qtcat"
"ropensci","rAltmetric"
"vsbuffalo","qrqc"
"markvanderloo","hashr"
"jangorecki","Rbitcoin"
"ramnathv","rbokeh"
"jeroenooms","commonmark"
"jeroenooms","rjade"
"road2stat","sbgr"
"TaipeiRHackers","DataTaipei"
"soodoku","abbyyR"
"soodoku","captR"
"soodoku","captr"
"soodoku","clarifai"
"leeper","MTurkR"
"MangoTheCat","testCoverage"
"skardhamar","rga"
"eddelbuettel","rprotobuf"
"rstudio","DT"
"MarkEdmondson1234","bigQueryR"
"DASpringate","Rkoans"
"Tatvic","RGoogleAnalytics"
"ecor","RMRAINGEN"
"yihui","rnotebook"
"kanaku","ROptimizely"
"fmikaelian","marketeR"
"tomasgreif","woe"
"cdalzell","Lahman"
"soodoku","goji"
"mjskay","ARTool"
"pnovack-gottshall","ecospace"
"erichare","discreteRV"
"dcomtois","summarytools"
"IALSA","IalsaSynthesis"
"arvi1000","rGridMap"
"jefferis","vfbr"
"ramnathv","agebyname"
"diogosmendonca","ApacheLogProcessor"
"muschellij2","extrantsr"
"setempler","miscset"
"andrewgeisler","GAR"
"sverchkov","bionetwork"
"jeroenjanssens","rscl"
"FvD","conceptr"
"rOpenGov","helsinki"
"ropengov","sotkanet"
"dvera","rubber"
"onertipaday","predictionapirwrapper"
"marcoblume","pinnacle.API"
"keboola","r-docker-application"
"geoffjentry","RStackExchange"
"geoffjentry","twitteR"
"armstrtw","Rawscli"
"jeroenooms","minimist"
"jeroenooms","openssl"
"cscheid","rgithub"
"jeroenooms","sodium"
"ropensci","git2r"
"ropensci","ckanr"
"bwlewis","rredis"
"leeper","colourlovers"
"ropensci","elastic"
"rOpenGov","enigma"
"ropengov","enigma"
"ropensci","alm"
"ropensci","rnpn"
"ropensci","rplos"
"rOpenGov","pollstR"
"Ermlab","lightining-rstat"
"ropensci","rcrossref"
"ropensci","rerddap"
"rOpenGov","federalregister"
"tc","RMongo"
"PhilipPallmann","ANOM"
"jsgosnell","ratlantis"
"michaelgruenstaeudl","CommT_Code"
"ksauby","modresproc"
"seankross","lego"
"rich-iannone","UWHS"
"philippechataignon","dplyrnz"
"piersharding","dplyrimpaladb"
"mtorchiano","effsize"
"praster1","BN_Data_Generator"
"nFrechen","RgetDWDdata"
"paulburch","pbtools"
"kbenoit","quanteda"
"mdlincoln","clipr"
"bryanhanson","ChemoSpec"
"johnbaums","jagstools"
"mrdwab","splitstackshape"
"harrelfe","greport"
"timelyportfolio","d3hiveR"
"timelyportfolio","d3treeR"
"timelyportfolio","d3vennR"
"timelyportfolio","svgPanZoom"
"Przemol","rbeads"
"ropensci","rdryad"
"armstrtw","rcppbugs"
"rstats-db","RSQLite"
"sysbio-curie","RNaviCell"
"ropensci","rWBclimate"
"bokeh","rbokeh"
"eddelbuettel","rfoaas"
"duncantl","Rllvm"
"nutterb","redcapAPI"
"christophsax","seasonal"
"Data-Camp","datacamp"
"s-u","RJDBC"
"ropensci","rnoaa"
"mpastell","Rpyplot"
"i-kiwamu","Rjpstatdb"
"ropensci","rbhl"
"ropensci","ecoretriever"
"expersso","ecb"
"ropensci","paleobioDB"
"eddelbuettel","rpushbullet"
"ropensci","elife"
"ropensci","rfishbase"
"mangal-wg","rmangal"
"cdeterman","gpuR"
"chgrl","rwikidata"
"MarkEdmondson1234","searchConsoleR"
"jeroenooms","RAppArmor"
"IRkernel","IRkernel"
"javimarlop","spdynmod"
"dleutnant","influxdbr"
"influxdb","influxdb-r"
"NathanEpstein","finData"
"iugrina","glycanr"
"serbinsh","R-FieldSpectra"
"CenterForOpenScience","osfr"
"tlamadon","RcppSimpleTensor"
"ropensci","rglobi"
"ronkeizer","vpc"
"wch","R6"
"MeenaChoi","MSstats"
"seantuck12","MODISTools"
"EricEdwardBryant","rothfreezer"
"okugami79","googletrend"
"BartBroeckx","Mendelian"
"mwmclean","RefManageR"
"XD-DENG","Rtts"
"AldoCP","mztwinreg"
"unDocUMeantIt","koRpus.lang.nl"
"simecek","additivityTests"
"gastonstat","arcdiagram"
"dmkaplan2000","RH2.git"
"jbryer","pisa"
"cyrilmi","myfunctions"
"InouyeLab","NetRep"
"jemus42","tRakt"
"SEEG-Oxford","movement"
"ProjectMOSAIC","NHANES"
"JeffreyRacine","R-Package-crs"
"trevorld","findpython"
"kenkellner","heeparse"
"awalker89","openxlsx"
"heike","rotations"
"derrickturk","aRpsDCA"
"dmpe","rbitly"
"dmpe","urlshorteneR"
"variani","cpca"
"leekgroup","derfinder"
"al2na","methylKit"
"terrytangyuan","dml"
"nfultz","Rip46"
"haven-jeon","KoNLP"
"terrytangyuan","lfda"
"MatthieuStigler","partsm"
"bquast","RDDtools"
"Paradigm4","SciDBR"
"asl","rssa"
"rOpenGov","sweidnumbr"
"armstrtw","rzmq"
"SantanderMetGroup","ecomsUDG.Raccess"
"NCRN","npscv"
"langcog","wordbankr"
"ropensci","geonames"
"fcharte","mldr"
"amayer2010","EffectLiteR"
"hms-dbmi","scde"
"johnmyleswhite","BehavioralEconomics"
"jabiru","binr"
"cjendres1","nhanes"
"markwh","rcmodel"
"kkdey","cellcycleR"
"gaborcsardi","crayon"
"vegandevs","vegan"
"mkoohafkan","flowregime"
"georgeberry","blaunet"
"wStockhausen","wtsDisMELSConn"
"dgrtwo","stackr"
"ianmcook","wkb"
"jpmml","r2pmml"
"heike","ggparallel"
"matthieugomez","statar"
"jeffwong","imputation"
"PredictiveEcology","SpaDES"
"wch","downloader"
"GioBo","TR8"
"yutannihilation","estatapi"
"sysbio-curie","ACSNMineR"
"road2stat","enpls"
"jbryer","multilevelPSA"
"zhenkewu","mpcr"
"sachsmc","cosinor"
"andrechalom","pse"
"bquast","decompr"
"robertzk","testthatsomemore"
"friend1ws","pmsignature"
"gaborcsardi","falsy"
"fabian-s","RLRsim"
"awblocker","fastGHQuad"
"PennStateDEPENdLab","fitclock"
"jranke","mkin"
"piLaboratory","sads"
"piklprado","sads"
"brentonk","polywog-package"
"kalimu","genderizeR"
"BIMSBbioinfo","genomation"
"adeckmyn","maps"
"jirikadlec2","waterml"
"edzer","trajectories"
"data-cleaning","editrules"
"ianfiske","unmarked"
"rbchan","unmarked"
"algoquant","HighFreq"
"grady","kdetrees"
"ampaho","imagine"
"i-akiya","R4CDISC"
"shabbychef","SharpeR"
"Crunch-io","rcrunch"
"UCSF-MSLAB","msbwaiter"
"jabiru","csvread"
"nalimilan","logmult"
"sebastien-villemot","econboard"
"tpetzoldt","FAmle"
"Looping027","far"
"awblocker","networkTomography"
"greenelab","TDM"
"dankelley","oce"
"hxin","topOnto"
"hxin","ograph"
"jwb133","bayesmiss"
"kcha","psiplot"
"mkanai","ggman"
"eldarrak","FLightR"
"thegeologician","ggprovenance"
"antoinestevens","prospectr"
"dankelley","plan"
"mbedward","packcircles"
"douglasgscofield","readGenalex"
"KDB2","amsReliability"
"alishinski","AutoModel"
"okugami79","sentiment140"
"SantanderMetGroup","downscaleR"
"kingaa","pomp"
"bmarkslash7","QPot"
"computationalstylistics","stylo"
"aklxao2","SDR"
"mtennekes","tabplot"
"wch","Rttf2pt1"
"alfcrisci","rTwChannel"
"njm18","gmatrix"
"ElkhartGroup","varian"
"CSBLatvia","vardpoor"
"skoval","deuce"
"wckdouglas","tgirtABRF"
"vz-risk","verisr"
"sethmcg","climod"
"heike","peptider"
"yoni","r_we_the_people"
"Aqualinc","GDATools"
"jwb133","smcfcs"
"elray1","pdtmvn"
"reichlab","pdtmvn"
"jslefche","piecewiseSEM"
"bert9bert","ParallelForest"
"jefferislab","nat.nblast"
"edzer","intervals"
"cjgeyer","mcmc"
"JeffreyRacine","R-Package-np"
"ksauby","dataproc"
"fawda123","NeuralNetTools"
"langcog","langcog"
"richierocks","pathological"
"ivyleavedtoadflax","knn"
"gastonstat","plspm"
"mronkko","matrixpls"
"YulongNiu","KEGG_API"
"wush978","Rcereal"
"MonashBioinformaticsPlatform","varistran"
"cdeterman","RViennaCL"
"trevorld","argparse"
"trevorld","optparse"
"douglasgscofield","nestedRanksTest"
"trevorld","getopt"
"aloy","HLMdiag"
"jefferis","RANN"
"ropensci","stplanr"
"dennisprangle","abctools"
"bhklab","genefu"
"trestletech","shinyStore"
"matthewwolak","nadiv"
"ggobi","ggally"
"sidiropoulos","PSigA"
"hrbrmstr","cdcfluview"
"randyzwitch","RSiteCatalyst"
"hrbrmstr","omdbapi"
"gergness","srvyr"
"oswaldosantos","ggsn"
"aiorazabala","qmethod"
"SAcmu","LLSM"
"matthewwolak","ICC"
"smbache","magrittr"
"fascinatingfingers","CheckDigit"
"midraed","water"
"tgouhier","biwavelet"
"lebebr01","SPSStoR"
"CenterForAssessment","toOrdinal"
"jamesthomson","R2D3"
"kaz-yos","tableone"
"RevolutionAnalytics","miniCRAN"
"qutang","mhealthformat-support-r"
"aramette","otu2ot"
"floswald","psidR"
"jdstorey","qvalue"
"jomuller","dfexplore"
"SachaEpskamp","staTeX"
"uwadaira","plsopt"
"skgrange","ceilr"
"SESman","rbl"
"jefferis","readbitmap"
"robjhyndman","MEFM-package"
"ugcd","solarius"
"berndbischl","parallelMap"
"openml","r"
"jeffreyhorner","envestigate"
"jackwasey","physiology"
"juba","questionr"
"ugcd","gait"
"gaborcsardi","parsedate"
"nonsleepr","teradataR"
"gilinson","hillmakeR"
"paternogbc","sensiPhy"
"gaborcsardi","pingr"
"wahalulu","meetupr"
"seancarmody","ngramr"
"davidcsterratt","RImageJROI"
"corynissen","fitbitScraper"
"mbannert","timeseriesdb"
"lisalibungan","shapeR"
"sorhawell","forestFloor"
"tylerhether","fbgenotyper"
"manuelreif","mcIRT"
"gaborcsardi","rcorpora"
"RomanTsegelskyi","yummlyr"
"jrnold","r-smss"
"collectivemedia","tictoc"
"richardbeare","ultRa"
"foramashar","fashaR"
"collectivemedia","ssh.utils"
"wStockhausen","wtsUtilities"
"awblocker","ipfp"
"jefferis","nabor"
"talgalili","dendextend"
"vjcitn","biocMultiAssay"
"ltjohnson","grade"
"DataKnowledge","visNetwork"
"HenrikBengtsson","ACNE"
"HenrikBengtsson","aroma.affymetrix"
"HenrikBengtsson","PSCBS"
"vincentarelbundock","countrycode"
"dmenne","dmisc2"
"HenrikBengtsson","R.rsp"
"HenrikBengtsson","listenv"
"HenrikBengtsson","globals"
"HenrikBengtsson","matrixStats"
"HenrikBengtsson","R.filesets"
"HenrikBengtsson","R.huge"
"HenrikBengtsson","R.matlab"
"HenrikBengtsson","R.oo"
"HenrikBengtsson","R.utils"
"HenrikBengtsson","R.devices"
"dmenne","dmrixml"
"wtcooper","vizrd"
"HenrikBengtsson","aroma.apd"
"HenrikBengtsson","aroma.cn"
"HenrikBengtsson","aroma.core"
"HenrikBengtsson","calmate"
"edzer","spacetime"
"EmmanuelCharpentier","patchSynctex"
"haven-jeon","Ruchardet"
"atredennick","community_synchrony"
"juba","scatterD3"
"KonScience","Summarize-Flattr-Reports"
"homonecloco","bio.tilling"
"evolutics","RFormatter"
"stefan-schroedl","plotluck"
"satijalab","seurat"
"rOpenGov","eurostat"
"ropengov","eurostat"
"rOpenGov","fennica"
"SMAPPNYU","smappR"
"christophergandrud","DataCombine"
"USGS-R","geoknife"
"skembel","picante"
"rOpenHealth","rEHR"
"rdatsci","rt"
"trnnick","TStools"
"btupper","obpgtools"
"rOpenGov","pxweb"
"stephlocke","Rtraining"
"OuhscBbmc","REDCapR"
"jobonaf","arpautils"
"metacran","rversions"
"arrayfire","arrayfire-r"
"rOpenGov","rtimes"
"ropengov","rtimes"
"jkrijthe","Rtsne"
"tcash21","zendeskR"
"pjnewcombe","R2BGLiMS"
"cgiacofei","fbapi"
"17843","mandrill"
"yixuan","rARPACK"
"dvera","gyro"
"Ironholds","WikipediR"
"Rdatatable","data.table"
"cBioPortal","cgdsr"
"DaniWi","Channelcoding"
"WilliamCooper","Ranadu"
"Ronggui","RQDA"
"gertjanssenswillen","edeaR"
"PolMine","polmineR"
"wolski","imsbInfer"
"zarquon42b","Morpho"
"zarquon42b","Rvcg"
"dkneis","rodeo"
"coffeemuggler","eseis"
"fabian-s","spikeSlabGAM"
"dmenne","gastrobase"
"kbroman","broman"
"bwlewis","doRedis"
"kbroman","lineup"
"kbroman","qtl"
"kbroman","xoi"
"nalimilan","R2HTML"
"pbreheny","visreg"
"kablag","RDML"
"hiratake55","RForcecom"
"ecor","RGENERATE"
"ecor","RGENERATEPREC"
"rtdists","rtdists"
"aloysius-lim","bigrf"
"karthik","randNames"
"kloke","Rfit"
"cargomoose","raptR"
"opower","rbundler"
"frankongre","RcppGLM"
"kforner","rcpp_progress"
"zbeaver4","beavR"
"GuangchuangYu","ReactomePA"
"hmalmedal","readfdb"
"hadley","haven"
"hadley","readr"
"gaborcsardi","keypress"
"BioStatMatt","sas7bdat.parso"
"pierreroudier","asdreader"
"thohag","readSMI"
"sgibb","readBrukerFlexData"
"sgibb","readMzXmlData"
"yixuan","recosystem"
"kirillseva","blink"
"pmur002","gridgraphics"
"jimhester","regulaR"
"road2stat","RECA"
"PredictiveEcology","fpCompare"
"bleutner","RStoolbox"
"dvmlls","bdscale"
"daattali","ezrender"
"jennybc","reprex"
"santosneto","rbsmodels"
"adamstruck","RECD"
"rich-iannone","UnidecodeR"
"shay-y","repfdr"
"chr1swallace","coloc"
"davidgohel","ReporteRs"
"tvatter","gamCopula"
"gmbecker","gRAN"
"ramnathv","poirot"
"expersso","OECD"
"zachmayer","rbm"
"gavinsimpson","permute"
"xprimexinverse","statbanker"
"mannau","tm.plugin.sentiment"
"mannau","tm.plugin.webmining"
"jverzani","gWidgets2"
"ltierney","Rpkg-proftools"
"ISA-tools","Risa"
"DavideMagno83","ali.raf"
"matthias-da","robCompositions"
"sahilseth","flowr"
"r08in","RobustCD"
"janusza","RoughSets"
"kuhnrl30","Northwind"
"adjust","rport"
"kenkellner","jagsUI"
"yihui","runr"
"traitecoevo","dockertest"
"hallowkm","RxODE"
"topepo","desirability"
"piersharding","RSAP"
"amattioc","SDMX"
"gertvv","rsmaa"
"nolanlab","spade"
"muschellij2","spm12r"
"hs3180","dplyr.sqlserver"
"wilsonfreitas","sqliter"
"wdweeda","start"
"rstudio","rstudioapi"
"wrathematics","lineSampler"
"keboola","r-custom-application-example-simple"
"SachaEpskamp","IsingSampler"
"drmichaelnorth","SchemaOnRead"
"paulhendricks","scorer"
"emkayoh","Dark"
"renozao","RcppOctave"
"RcppCore","Rcpp"
"ropensci","IEEER"
"metacran","seer"
"dgrtwo","tracestack"
"ropensci","internetarchive"
"hadley","secure"
"pnnl","Smisc"
"drodriguezperez","kselection"
"kauralasoo","seqUtils"
"briandconnelly","pushoverr"
"jonasbhend","myhelpers"
"pbiecek","SmarterPoland"
"dutri001","bfastSpatial"
"kokrah","HTShape"
"wrathematics","stat201"
"stanstrup","PredRet"
"trestletech","shinyRGL"
"gammarama","intRo"
"derek-damron","transform"
"MangoTheCat","showimage"
"cashoes","sear"
"krlmlr","rextdata"
"tomesch","elasticsearch"
"sherrillmix","levenR"
"bigmlcom","bigml-r"
"hrbrmstr","Rforecastio"
"benjh33","radshiny"
"nutterb","ArgumentCheck"
"sahilseth","funr"
"DistanceDevelopment","Distance"
"traitecoevo","callr"
"rdpeng","filehashsqlite"
"benmarwick","JSTORr"
"hadley","rvest"
"krlmlr","lazyforward"
"sahilseth","params"
"seananderson","metafolio"
"osofr","simcausal"
"keepsimpler","perturbEcol"
"davismcc","scater"
"jakobbossek","smoof"
"hemberg-lab","SC3"
"pingles","redshift-r"
"jemus42","qmtut"
"hrbrmstr","nifffty"
"coleoguy","SAGA"
"rcc-uchicago","influenceR"
"oscarperpinan","solar"
"abarbour","kelvin"
"shabbychef","sadists"
"zhezhangsh","Rnaseq"
"alastair-JL","AnthroTools"
"skranz","dplyrExtras"
"yihui","printr"
"sanealytics","recommenderlabrats"
"romanzenka","RUnit"
"hoxo-m","SparkRext"
"saurfang","SparkRext"
"gaborcsardi","spark"
"zdk123","SpiecEasi"
"ramey","sparsediscrim"
"ramhiser","sparsediscrim"
"bentaylor1","spatsurv"
"PrincetonUniversity","agroEcoTradeoff"
"BiologicalRecordsCentre","sparta"
"ropensci","spocc"
"ropensci","traits"
"Rsoc","soc.ca"
"bryanhanson","SpecHelpers"
"agstudy","rsqlserver"
"hofnerb","stabs"
"oneilsh","rstackdeque"
"HelenKettle","StagePop"
"SWS-Methodology","faoswsStandardization"
"jimhester","lintr"
"kolaczyk","sand"
"rmcelreath","rethinking"
"HCBravoLab","metagenomeSeq"
"reyzaguirre","st4gi"
"rOpenGov","statfi"
"richfitz","stegasaur"
"amvillegas","StMoMo"
"izhbannikov","spm"
"wolski","quantable"
"markvanderloo","stringdist"
"etheleon","metamaps"
"sbfnk","dynmod"
"road2stat","sdml"
"jpvert","suquan"
"tdhock","PeakSegJoint"
"robertzk","syberia"
"dkahle","mpoly"
"sgsokol","Deriv"
"yihui","highr"
"romainfrancois","highlight"
"lucgar","synRNASeqNet"
"nutterb","pixiedust"
"gschofl","reutils"
"oscarperpinan","tdr"
"osofr","tmlenet"
"OpenMx","OpenMx"
"joshuaulrich","TTR"
"jhollist","manuscriptPackage"
"backlin","xtermStyle"
"jimhester","covr"
"hadjipantelis","tPACE"
"benmarwick","Stratigraphy-and-radiocarbon-dates-from-Gua-Mo-o-hono-Sulawesi"
"rdpeng","filehash"
"antongrau","soc.elite"
"HenrikBengtsson","future"
"michaelhallquist","MplusAutomation"
"ddsbook","ripal"
"PheWAS","PheWAS"
"CenterForAssessment","SGPdata"
"alexkowa","x12"
"alexkowa","x12GUI"
"Sage-Bionetworks","rSynapseClient"
"fischuu","GeneticTools"
"stephaniehicks","quantro"
"paterijk","RXMCDA"
"jcfaria","ScottKnott"
"julian-gehring","SomaticSignatures"
"kaneplusplus","snb"
"rubenarslan","formr"
"PMassicotte","cdom"
"hrbrmstr","dtupdate"
"mkao006","FAOSTATpackage"
"ateshkoul","KinematicAnalysis"
"jonathancornelissen","highfrequency"
"config-i1","prognosis"
"rasmusab","beepr"
"LDalby","ralmass"
"oscarperpinan","rastervis"
"zoonproject","zoon"
"rstudio","shinythemes"
"cttobin","ggthemr"
"Rapporter","sandboxR"
"paleo13","marxan"
"USGS-R","dataRetrieval"
"erlisR","iLaplace"
"quandl","quandl-r"
"AtlasOfLivingAustralia","ALA4R"
"Bioconductor-mirror","AnnotationHubData"
"Bioconductor-mirror","CRISPRseek"
"Bioconductor-mirror","DChIPRep"
"Bioconductor-mirror","DOQTL"
"Bioconductor-mirror","GENESIS"
"Bioconductor-mirror","GWASTools"
"Bioconductor-mirror","GenomeInfoDb"
"Bioconductor-mirror","GenomicAlignments"
"Bioconductor-mirror","GenomicFeatures"
"Bioconductor-mirror","GenomicRanges"
"Bioconductor-mirror","GenomicTuples"
"Bioconductor-mirror","Guitar"
"Bioconductor-mirror","Prostar"
"Bioconductor-mirror","RTN"
"Bioconductor-mirror","ReactomePA"
"Bioconductor-mirror","RiboProfiling"
"Bioconductor-mirror","RnBeads"
"Bioconductor-mirror","SeqVarTools"
"Bioconductor-mirror","SomaticSignatures"
"Bioconductor-mirror","TFBSTools"
"Bioconductor-mirror","VariantAnnotation"
"Bioconductor-mirror","biobroom"
"Bioconductor-mirror","clusterProfiler"
"Bioconductor-mirror","derfinder"
"Bioconductor-mirror","derfinderHelper"
"Bioconductor-mirror","derfinderPlot"
"Bioconductor-mirror","ensembldb"
"Bioconductor-mirror","gQTLstats"
"Bioconductor-mirror","genefu"
"Bioconductor-mirror","mgsa"
"Bioconductor-mirror","motifbreakR"
"Bioconductor-mirror","pathview"
"Bioconductor-mirror","rCGH"
"andreaphsz","betas"
"mariytu","RegressionLibs"
"kollerma","robustlmm"
"SWS-Methodology","faoswsUtil"
"analyxcompany","ForceAtlas2"
"ivanhanigan","Vally2012-RossRiverRates"
"woobe","rCrimemap"
"manuelreif","svyPVpack"
"andyyao95","walkr"
"csgillespie","poweRlaw"
"geekman1","eva_package"
"alexkowa","VIM"
"alexkowa","VIMGUI"
"jwdink","eyetrackingR"
"rOpenHealth","rHealthDataGov"
"jbryer","qualtrics"
"jeroenooms","opencpu-legacy"
"StoreyLab","biobroom"
"jeffwong","TimeProjection"
"asardaes","dtwclust"
"vwmaus","dtwSat"
"timflutre","rutilstimflutre"
"azvoleff","wrspathrow"
"michbur","chipPCR"
"RGLab","MAST"
"teradata-aster-field","toaster"
"lem-usp","EvolQG"
"paulhendricks","functools"
"jpritikin","ifaTools"
"melff","memisc"
"mvattulainen","preprocomb"
"dbottomly","poplite"
"AustralianAntarcticDivision","raadtools"
"jeroenooms","js"
"davidcarslaw","openair"
"rOpenGov","bibliographica"
"rdpeng","cachesweave"
"c5sire","datacheck"
"wikiselev","clustools"
"mllg","batchtools"
"christophergandrud","d3Network"
"pentalibra","ggcluster"
"leeper","UNF"
"macroecology","letsR"
"mjwestgate","circleplot"
"rOpenHealth","rpubmed"
"openfigis","RFirmsGeo"
"picasa","rsunflo"
"nwagenbrenner","windtools"
"cpsievert","pitchRx"
"christophergandrud","simPH"
"antiphon","Kdirectional"
"sailthru","tidyjson"
"wch","extrafont"
"walkerke","kwgeo"
"dphansti","Sushi"
"markrobinsonuzh","benchmarkR"
"rich-iannone","aetheRa"
"matloff","partools"
"ugcd","gaitTools"
"skranz","appForms"
"OpenGenderTracking","globalnamedata"
"andrie","ggdendro"
"hadley","mturkr"
"hadley","devtools"
"andrie","surveydata"
"BioAcoustica","BioAcousticaR-tools"
"matthiasheinig","seqQTL"
"matthiasheinig","eQTLpipeline"
"fintzij","BDAepimodel"
"Bioconductor","UseBioconductor"
"noamross","arrr"
"tokami","TropFishR"
"wilkersj","tumgr"
"Rexamine","TurtleGraphics"
"ebailey78","shinyBS"
"mrbcuda","ustyc"
"hadley","usdanutrients"
"petermeissner","unikonstanzmensabot"
"gaborcsardi","clisymbols"
"jotsetung","unsoRted"
"AEBilgrau","GMCM"
"hrbrmstr","adobecolor"
"fhirschmann","knitron"
"yihui","fun"
"ja-thomas","RTelegram"
"hadley","assertthat"
"gaborcsardi","whoami"
"yixuan","showtext"
"lgatto","RforProteomics"
"ddionrails","r2ddi"
"jbryer","sqlutils"
"jcarlis3","umbrella"
"jwijffels","ETLUtils"
"PMassicotte","eemR"
"decisionpatterns","operator.tools"
"decisionpatterns","formula.tools"
"sjPlot","sjmisc"
"cbaumbach","genFun"
"jeroenooms","webutils"
"cysouw","qlcMatrix"
"robingenuer","VSURF"
"WinVector","vtreat"
"arorar","VarInModRisk"
"matloff","regtools"
"brentonk","pbivnorm"
"asgr","magicaxis"
"tomasgreif","vintager"
"wch","vtest"
"cysouw","qlcVisualize"
"jokergoo","HilbertCurve"
"lwjohnst86","seer"
"mareframe","vat"
"charlotte-ngs","Zuechtungslehre"
"JohnLangford","vowpal_wabbit"
"dmenne","bugsexamples"
"ropensci","wellknown"
"ncarchedi","swirl_OLD"
"Ironholds","jammr"
"KlausVigo","kknn"
"muschellij2","papayar"
"hadley","stringr"
"corynissen","geocodeHERE"
"woobe","rPlotter"
"ropensci","rsnps"
"ropensci","rgbif"
"ropensci","rbison"
"ropensci","rvertnet"
"ropensci","rebird"
"miraisolutions","xlconnect"
"hoxo-m","githubinstall"
"lbraglia","RStata"
"lbraglia","aplore3"
"lbraglia","aprean3"
"lbraglia","ifctools"
"lbraglia","yapomif"
"andrie","sentiment"
"imanuelcostigan","arnie"
"wrathematics","Rdym"
"gertvv","hitandrun"
"jbkunst","rchess"
"qutke","ruibe"
"qxde01","Rdouban"
"dkahle","ggmap"
"GuangchuangYu","ggtree"
"green-striped-gecko","PopGenReport"
"euba","BacArena"
"adletaw","captioner"
"carlopacioni","HexSimR"
"yrosseel","lavaan"
"tapj","biotyper"
"AndySouth","rnaturalearth"
"crazybilly","muadc"
"RamsinghLab","artemis"
"maverickg","cxxfunplus"
"cmerow","meteR"
"lpantano","isomiRs"
"tdhock","animint"
"bcgov","bcgroundwater"
"carloscinelli","benford.analysis"
"romainfrancois","bibtex"
"bquast","diagonals"
"hanasusak","cDriver"
"topepo","caret"
"zachmayer","caretEnsemble"
"asgr","celestial"
"arilamstein","choroplethr"
"trulia","choroplethr"
"antonio-mora","chrombrowseR"
"jokergoo","circlize"
"everdark","ArgParser"
"aydindemircioglu","ConfSVM"
"markdrisser","convoSPAT"
"sckott","cowsay"
"Lchiffon","REmap"
"lampalork","credule"
"jcheng5","bubbles"
"yhat","db.r"
"cran","deepnet"
"robjhyndman","demography"
"ttriche","roxpkg"
"livioivil","flip"
"srdyal","diffusiontest"
"Bart6114","dimple"
"kkeenan02","diveRsity"
"richfitz","diversitree"
"mdsumner","gris"
"Bart6114","jug"
"ropensci","sofa"
"SEELab","enaR"
"manabusakamoto","evoldiver"
"bryanhanson","exCon"
"zmjones","edarf"
"krahim","fftwtools"
"RamsinghLab","artemisData"
"NumbersInternational","flipTextAnalysis"
"berndbischl","BBmisc"
"alyssafrazee","RSkittleBrewer"
"robjhyndman","forecast"
"cboettig","socialR"
"jrnold","ggthemes"
"gavinsimpson","ggvegan"
"joeburns06","hocuspocus"
"hrbrmstr","metricsgraphics"
"timelyportfolio","comicR"
"timelyportfolio","rcdimple"
"robjhyndman","hts"
"hadley","httr"
"igraph","rigraph"
"mokazuma","imhistR"
"alexWhitworth","imputeMulti"
"Bart6114","infuser"
"bart6114","infuser"
"htmlwidgets","sparkline"
"andland","libFMexe"
"hrbrmstr","xslt"
"jgabry","loo"
"timelyportfolio","loryR"
"robertness","lucy"
"igollini","lvm4net"
"jrwishart","mwaved"
"environmentalinformatics-marburg","Rsenal"
"jokergoo","ComplexHeatmap"
"mikewlcheung","metasem"
"tim-salabim","metvurst"
"microbiome","microbiome"
"gsee","qmao"
"prechelt","agsemisc"
"stekhoven","missForest"
"berndbischl","mlr"
"mlr-org","mlr"
"zoonproject","modules"
"wesleyburr","multitaper"
"JClavel","mvMORPH"
"dvera","conifur"
"lukereding","redingPlot"
"aurielfournier","rel"
"vspinu","R-nREPL"
"cacha0227","ncappc"
"zalmquist","networkMethods"
"zalmquist","networkdata"
"ropensci","ots"
"benilton","oligoOld"
"jeroenooms","opencpu.encode"
"jeroenooms","opencpu.demo-legacy"
"psolymos","opticut"
"ropensci","rfisheries"
"ropensci","chromer"
"paleofire","paleofire"
"crsh","papaja"
"christinehohensinn","pcIRT"
"scumdogsteev","phonenumber"
"fmichonneau","phylobase"
"joey711","phyloseq"
"Bart6114","licorice"
"pblischak","polyfreqs"
"lvclark","polysat"
"lucasvenez","precintcon"
"AndySouth","resistanceGame"
"rogiersbart","RMODFLOW"
"klocey","partitions"
"jverzani","questionr"
"colinr23","stampr"
"fawda123","SWMPr"
"coleoguy","evobir"
"floatofmath","resamplingMCP"
"ropensci","rAvis"
"cjgb","rPython-win"
"swager","randomForestCI"
"Rapporter","rapport"
"paleo13","rapr"
"raredd","rawr"
"phonixor","readODS"
"ajschumacher","rjstat"
"mkoohafkan","reval"
"USGS-R","repgen"
"jeremymcrae","recessiveStats"
"swd-turner","reservoir"
"iDigBio","ridigbio"
"leeper","rite"
"fmichonneau","rncl"
"AndreaCirilloAC","ramazon"
"jakobbossek","salesperson"
"ploverso-pgdx","savR"
"scrm","scrm-r"
"rstudio","rscrypt"
"alexkowa","sdcMicro"
"alexkowa","sdcMicroGUI"
"mwtoews","seas"
"trinker","gmailR"
"MarkEdmondson1234","shinyga"
"stan-dev","shinystan"
"sjPlot","devel"
"snowball-project","DESnowball"
"ecor","soilwater"
"blaquans","tricky"
"steventsimpson","simsam"
"alexkowa","sparkTable"
"garrettgman","ggplyr"
"ropensci","spoccutils"
"thierrygosselin","stackr"
"GuangchuangYu","clusterProfiler"
"shabbychef","MarkowitzR"
"drewlake","steamR"
"davharris","mistnet"
"gsk3","taRifx.geo"
"ropensci","rentrez"
"jeffreyhorner","raconteur"
"shinwang1","GitR"
"allr","testr"
"jgx65","hierfstat"
"mkborregaard","nodiv"
"scheike","timereg.git"
"jverzani","gWidgets2RGtk2"
"dirkschumacher","transduceR"
"mdsumner","tripEstimation"
"MatthieuStigler","tsDyn"
"ropensci","lawn"
"tbates","umx"
"jarad","smcUtils"
"DjalmaPessoa","convey"
"CroteauCRIUSMQ","EMQLS.test"
"yhat","yhatr"
"jokergoo","GetoptLong"
"IPS-LMU","wrassp"
"sushilashenoy","zoom.plot"
"edwindj","whisker"
